INSERT INTO review (review_id, content, restaurant_id, reviewer_id, reviewer_nick_name, reviewer_profile_image_url, is_first_review,created_at, updated_at, deleted)
VALUES (1, '음식이 정말 맛있어요!', 1, 1, '테스트토끼1', 'https://profile1.com', TRUE, NOW(), NOW(), FALSE),
       (2, '재방문 의사 100%입니다.', 1, 2, '테스트토끼2', 'https://profile2.com', TRUE, NOW(), NOW(), FALSE),
       (3, '가성비가 좋네요.', 1, 3, '테스트토끼3', 'https://profile3.com', TRUE, NOW(), NOW(), FALSE),
       (4, '분위기가 너무 좋아요.', 1, 4, '테스트토끼4', 'https://profile4.com', TRUE, NOW(), NOW(), FALSE),

       (5, '양이 많아서 좋아요.', 2, 1, '테스트토끼1', 'https://profile1.com', TRUE, NOW(), NOW(), FALSE),
       (6, '매장이 깔끔해요.', 2, 2, '테스트토끼2', 'https://profile2.com', TRUE, NOW(), NOW(), FALSE),
       (7, '친절한 서비스!', 2, 3, '테스트토끼3', 'https://profile3.com', TRUE, NOW(), NOW(), FALSE),
       (8, '한번쯤 방문해볼 만한 곳.', 2, 4, '테스트토끼4', 'https://profile4.com', TRUE, NOW(), NOW(), FALSE),

       (9, '스테이크가 부드러워요.', 3, 1, '테스트토끼1', 'https://profile1.com', TRUE, NOW(), NOW(), FALSE),
       (10, '와인 종류가 다양해요.', 3, 2, '테스트토끼2', 'https://profile2.com', TRUE, NOW(), NOW(), FALSE);

INSERT INTO review_image (review_id, sequence, url)
VALUES (1, 0, 'https://reviewimage1.com'),
       (1, 1, 'https://reviewimage2.com'),
       (2, 0, 'https://reviewimage3.com'),
       (2, 1, 'https://reviewimage4.com'),
       (3, 0, 'https://reviewimage5.com'),
       (3, 1, 'https://reviewimage6.com'),
       (4, 0, 'https://reviewimage7.com'),
       (4, 1, 'https://reviewimage8.com'),
       (5, 0, 'https://reviewimage9.com'),
       (5, 1, 'https://reviewimage10.com'),
       (6, 0, 'https://reviewimage11.com'),
       (6, 1, 'https://reviewimage12.com'),
       (7, 0, 'https://reviewimage13.com'),
       (7, 1, 'https://reviewimage14.com'),
       (8, 0, 'https://reviewimage15.com'),
       (8, 1, 'https://reviewimage16.com');

INSERT INTO review_needs_tag (review_id, needs_tag_ids)
VALUES (1, 1),
       (1, 2),
       (1, 3),
       (2, 2),
       (2, 4),
       (2, 5),
       (3, 3),
       (3, 5),
       (3, 6),
       (4, 4),
       (4, 6),
       (4, 7),
       (5, 5),
       (5, 7),
       (5, 8),
       (6, 6),
       (6, 8),
       (6, 9),
       (7, 7),
       (7, 9),
       (7, 10),
       (8, 8),
       (8, 10),
       (8, 1),
       (9, 9),
       (9, 1),
       (9, 2),
       (10, 10),
       (10, 2),
       (10, 3);

INSERT INTO review_price_tag (review_id, price_tag_ids)
VALUES (1, 1),
       (1, 2),
       (2, 2),
       (2, 3),
       (3, 3),
       (3, 4),
       (4, 4),
       (4, 5),
       (5, 5),
       (5, 6),
       (6, 6),
       (6, 7),
       (7, 7),
       (7, 8),
       (8, 8),
       (8, 9),
       (9, 9),
       (9, 10),
       (10, 10),
       (10, 1);
